{
  "module10802": {
    "left_bottom": {
      "pos": [0.213989,-0.1994,-1.22629],
      "pixelID": 108020001
    },
    "right_bottom": {
      "pos": [0.508989,-0.1994,-1.22629],
      "pixelID": 108020060
    },
    "left_top": {
      "pos": [0.213989,-0.0146,-1.22629],
      "pixelID": 108020421
    },
    "rigth_top": {
      "pos": [0.508989,-0.0146,-1.22629],
      "pixelID": 108020480
    },
    "center": {
      "pos": [0.358989,-0.1202,-1.22629],
      "pixelID": 108020210
    }
  },
  "module10803": {
    "left_bottom": {
      "pos": [0.213989,0.0146,-1.22629],
      "pixelID": 108030001
    },
    "right_bottom": {
      "pos": [0.508989,0.0146,-1.22629],
      "pixelID": 108030060
    },
    "left_top": {
      "pos": [0.213989,0.1994,-1.22629],
      "pixelID": 108030421
    },
    "rigth_top": {
      "pos": [0.508989,0.1994,-1.22629],
      "pixelID": 108030480
    },
    "center": {
      "pos": [0.358989,0.0938,-1.22629],
      "pixelID": 108030210
    }
  },
  "module10801": {
    "left_bottom": {
      "pos": [0.213989,-0.4134,-1.22629],
      "pixelID": 108010001
    },
    "right_bottom": {
      "pos": [0.508989,-0.4134,-1.22629],
      "pixelID": 108010060
    },
    "left_top": {
      "pos": [0.213989,-0.2286,-1.22629],
      "pixelID": 108010421
    },
    "rigth_top": {
      "pos": [0.508989,-0.2286,-1.22629],
      "pixelID": 108010480
    },
    "center": {
      "pos": [0.358989,-0.3342,-1.22629],
      "pixelID": 108010210
    }
  },
  "module11303": {
    "left_bottom": {
      "pos": [0.714487,-0.1994,2.21377],
      "pixelID": 113030001
    },
    "right_bottom": {
      "pos": [0.589762,-0.1994,2.6928],
      "pixelID": 113030100
    },
    "left_top": {
      "pos": [0.714487,-0.0146,2.21377],
      "pixelID": 113030701
    },
    "rigth_top": {
      "pos": [0.589762,-0.0146,2.6928],
      "pixelID": 113030800
    },
    "center": {
      "pos": [0.652755,-0.1202,2.45086],
      "pixelID": 113030350
    }
  },
  "module11105": {
    "left_bottom": {
      "pos": [1.25968,0.1216,0.521137],
      "pixelID": 111050001
    },
    "right_bottom": {
      "pos": [1.25968,0.1216,1.01614],
      "pixelID": 111050100
    },
    "left_top": {
      "pos": [1.25968,0.3064,0.521137],
      "pixelID": 111050701
    },
    "rigth_top": {
      "pos": [1.25968,0.3064,1.01614],
      "pixelID": 111050800
    },
    "center": {
      "pos": [1.25968,0.2008,0.766137],
      "pixelID": 111050350
    }
  },
  "module10804": {
    "left_bottom": {
      "pos": [0.213989,0.2286,-1.22629],
      "pixelID": 108040001
    },
    "right_bottom": {
      "pos": [0.508989,0.2286,-1.22629],
      "pixelID": 108040060
    },
    "left_top": {
      "pos": [0.213989,0.4134,-1.22629],
      "pixelID": 108040421
    },
    "rigth_top": {
      "pos": [0.508989,0.4134,-1.22629],
      "pixelID": 108040480
    },
    "center": {
      "pos": [0.358989,0.3078,-1.22629],
      "pixelID": 108040210
    }
  },
  "module11104": {
    "left_bottom": {
      "pos": [1.25968,-0.0924,0.521137],
      "pixelID": 111040001
    },
    "right_bottom": {
      "pos": [1.25968,-0.0924,1.01614],
      "pixelID": 111040100
    },
    "left_top": {
      "pos": [1.25968,0.0924,0.521137],
      "pixelID": 111040701
    },
    "rigth_top": {
      "pos": [1.25968,0.0924,1.01614],
      "pixelID": 111040800
    },
    "center": {
      "pos": [1.25968,-0.0132,0.766137],
      "pixelID": 111040350
    }
  },
  "module11203": {
    "left_bottom": {
      "pos": [1.21205,-0.1994,1.32442],
      "pixelID": 112030001
    },
    "right_bottom": {
      "pos": [1.0759,-0.1994,1.80032],
      "pixelID": 112030100
    },
    "left_top": {
      "pos": [1.21205,-0.0146,1.32442],
      "pixelID": 112030701
    },
    "rigth_top": {
      "pos": [1.0759,-0.0146,1.80032],
      "pixelID": 112030800
    },
    "center": {
      "pos": [1.14466,-0.1202,1.55997],
      "pixelID": 112030350
    }
  },
  "module10902": {
    "left_bottom": {
      "pos": [0.679849,-0.1994,-0.994214],
      "pixelID": 109020001
    },
    "right_bottom": {
      "pos": [1.02156,-0.1994,-0.636081],
      "pixelID": 109020100
    },
    "left_top": {
      "pos": [0.679849,-0.0146,-0.994214],
      "pixelID": 109020701
    },
    "rigth_top": {
      "pos": [1.02156,-0.0146,-0.636081],
      "pixelID": 109020800
    },
    "center": {
      "pos": [0.848978,-0.1202,-0.816956],
      "pixelID": 109020350
    }
  },
  "module11003": {
    "left_bottom": {
      "pos": [1.10367,-0.3064,-0.299709],
      "pixelID": 110030001
    },
    "right_bottom": {
      "pos": [1.22012,-0.3064,0.181397],
      "pixelID": 110030100
    },
    "left_top": {
      "pos": [1.10367,-0.1216,-0.299709],
      "pixelID": 110030701
    },
    "rigth_top": {
      "pos": [1.22012,-0.1216,0.181397],
      "pixelID": 110030800
    },
    "center": {
      "pos": [1.16131,-0.2272,-0.0615856],
      "pixelID": 110030350
    }
  },
  "module11002": {
    "left_bottom": {
      "pos": [0.995148,-0.55404,-0.273441],
      "pixelID": 110020001
    },
    "right_bottom": {
      "pos": [1.1116,-0.55404,0.207666],
      "pixelID": 110020100
    },
    "left_top": {
      "pos": [1.0821,-0.392339,-0.294488],
      "pixelID": 110020701
    },
    "rigth_top": {
      "pos": [1.19856,-0.392339,0.186618],
      "pixelID": 110020800
    },
    "center": {
      "pos": [1.09005,-0.484739,-0.0443374],
      "pixelID": 110020350
    }
  },
  "module10903": {
    "left_bottom": {
      "pos": [0.679849,0.0146,-0.994214],
      "pixelID": 109030001
    },
    "right_bottom": {
      "pos": [1.02156,0.0146,-0.636081],
      "pixelID": 109030100
    },
    "left_top": {
      "pos": [0.679849,0.1994,-0.994214],
      "pixelID": 109030701
    },
    "rigth_top": {
      "pos": [1.02156,0.1994,-0.636081],
      "pixelID": 109030800
    },
    "center": {
      "pos": [0.848978,0.0938,-0.816956],
      "pixelID": 109030350
    }
  },
  "module11204": {
    "left_bottom": {
      "pos": [1.21205,0.0146,1.32442],
      "pixelID": 112040001
    },
    "right_bottom": {
      "pos": [1.0759,0.0146,1.80032],
      "pixelID": 112040100
    },
    "left_top": {
      "pos": [1.21205,0.1994,1.32442],
      "pixelID": 112040701
    },
    "rigth_top": {
      "pos": [1.0759,0.1994,1.80032],
      "pixelID": 112040800
    },
    "center": {
      "pos": [1.14466,0.0938,1.55997],
      "pixelID": 112040350
    }
  },
  "module11005": {
    "left_bottom": {
      "pos": [1.10367,0.1216,-0.299709],
      "pixelID": 110050001
    },
    "right_bottom": {
      "pos": [1.22012,0.1216,0.181397],
      "pixelID": 110050100
    },
    "left_top": {
      "pos": [1.10367,0.3064,-0.299709],
      "pixelID": 110050701
    },
    "rigth_top": {
      "pos": [1.22012,0.3064,0.181397],
      "pixelID": 110050800
    },
    "center": {
      "pos": [1.16131,0.2008,-0.0615856],
      "pixelID": 110050350
    }
  },
  "module11004": {
    "left_bottom": {
      "pos": [1.10367,-0.0924,-0.299709],
      "pixelID": 110040001
    },
    "right_bottom": {
      "pos": [1.22012,-0.0924,0.181397],
      "pixelID": 110040100
    },
    "left_top": {
      "pos": [1.10367,0.0924,-0.299709],
      "pixelID": 110040701
    },
    "rigth_top": {
      "pos": [1.22012,0.0924,0.181397],
      "pixelID": 110040800
    },
    "center": {
      "pos": [1.16131,-0.0132,-0.0615856],
      "pixelID": 110040350
    }
  },
  "module10505": {
    "left_bottom": {
      "pos": [-1.2213,0.1216,0.186257],
      "pixelID": 105050001
    },
    "right_bottom": {
      "pos": [-1.10484,0.1216,-0.294849],
      "pixelID": 105050100
    },
    "left_top": {
      "pos": [-1.2213,0.3064,0.186257],
      "pixelID": 105050701
    },
    "rigth_top": {
      "pos": [-1.10484,0.3064,-0.294849],
      "pixelID": 105050800
    },
    "center": {
      "pos": [-1.16366,0.2008,-0.0518663],
      "pixelID": 105050350
    }
  },
  "module10303": {
    "left_bottom": {
      "pos": [-1.07452,-0.1994,1.80513],